Business,Area,Stars,#Reviews,Phone/WhatsApp,Website,Instagram,hard-to-reach review?,Best channel,Contact verified?,Notes
Kaycee Cleaning Services,Hackney,VERIFY,VERIFY,020 7690 3325,,,N,Phone → WhatsApp,✅,10 Saratoga Road E5 0SJ — residential address = small owner-operator. Website/IG need manual verify.
Chloe Cleaning & Maintenance,Hackney / Shoreditch,VERIFY,VERIFY,07548 361627,,,N,Phone → WhatsApp,✅,130-132 Curtain Road EC2A — mobile number = owner-operated. Website/IG need manual verify.
The Shoreditch Cleaners,Shoreditch / Hackney,VERIFY,VERIFY,020 3633 7218,,,N,Phone → WhatsApp,✅,Flat 37 Buckland Court N1 — flat address = owner-operated. Website/IG need manual verify.
Eco Cleaning Service Ltd,Bethnal Green / Hackney,VERIFY,VERIFY,020 7060 5211,,,N,Phone → WhatsApp,✅,86-90 Paul Street EC2A — small office address. Check if 020 call routes to owner.
Timely Cleaning Ltd,Lower Clapton / Hackney,VERIFY,VERIFY,07868 376213,,,N,Phone → WhatsApp,✅,Flat 3 E8 — mobile + flat = ideal sole trader. Website/IG need manual verify.
Tidy Buddy,Bethnal Green,VERIFY,VERIFY,07453 289216,,,N,Phone → WhatsApp,✅,38 Grindall House E1 — mobile/name = owner-operated. Website/IG need manual verify.
Original Cleaners Islington,Islington,VERIFY,VERIFY,020 8077 1331,,,N,Phone → WhatsApp,✅,103 Westbourne Road N7 — residential = owner-operated. Website/IG need manual verify.
Barnsbury Carpet Cleaners,Islington,VERIFY,VERIFY,020 8434 7112,,,N,Phone → WhatsApp,✅,302 Caledonian Road N1 — local address. Website/IG need manual verify.
Cleaners House,Hackney / Islington,VERIFY,VERIFY,020 3397 7807,,,N,Phone → WhatsApp,✅,303 Green Lanes N4 — residential address. Website/IG need manual verify.
Miss Cleaning,Stoke Newington / Haringey,VERIFY,VERIFY,07583 700749,,,N,Phone → WhatsApp,✅,148 Edgecot Grove N15 — mobile/name = owner. Website/IG need manual verify.
Sabp Cleaning Services Ltd,Stoke Newington / Haringey,VERIFY,VERIFY,07835 424319,,,N,Phone → WhatsApp,✅,116a West Green Road N15 — mobile = owner. Website/IG need manual verify.
M J Cleaning Agency,Stoke Newington,VERIFY,VERIFY,07572 421229,,,N,Phone → WhatsApp,✅,147 Reed Road N17 — mobile = owner. Website/IG need manual verify.
End of Tenancy Cleaning,Hackney / Bethnal Green,VERIFY,VERIFY,020 3397 3291,,,N,Phone → WhatsApp,✅,119 Richmond Road E8 — local address. Website/IG need manual verify.
Cleaners Bethnal Green,Bethnal Green,VERIFY,VERIFY,020 8077 1895,,,N,Phone → WhatsApp,✅,297 Bethnal Green Road E2 — high-street presence. Website/IG need manual verify.
A J Cleaning London,Bethnal Green / Tower Hamlets,VERIFY,VERIFY,020 7123 4510,,,N,Phone → WhatsApp,✅,128 City Road EC1V — small operator. Website/IG need manual verify.
Your Services,Bethnal Green / Bow,VERIFY,VERIFY,020 3404 5918,,,N,Phone → WhatsApp,✅,Flat 14 Colstead House E1 — flat = owner-operated. Website/IG need manual verify.
Priceless Cleaning Ltd,Hackney,VERIFY,VERIFY,07810 077768,,,N,Phone → WhatsApp,✅,86-90 Paul Street EC2A — mobile number. Website/IG need manual verify.
K V N Services,Clapton / Waltham Forest,VERIFY,VERIFY,07480 068448,,,N,Phone → WhatsApp,✅,321 Higham Hill Road E17 — mobile = owner. Website/IG need manual verify.
Neat Services,Lower Clapton,VERIFY,VERIFY,020 3637 8307,,,N,Phone → WhatsApp,✅,4 Faringford Road E15 — local address. Website/IG need manual verify.
London Cleaning House,Hackney / Whitechapel,VERIFY,VERIFY,020 3432 2590,,,N,Phone → WhatsApp,✅,285 Whitechapel Road E1 — local address. Website/IG need manual verify.
