Country,City,Business,Niche,Website,Email,Phone,WhatsApp
UAE,Dubai,Sasha Beauty Salon,Salon,,,+971505019963,+971505019963
UAE,Dubai,Mojo Hair & Beauty Bar,Salon,mojobeautybar.com,info@mojobeautybar.com,+97144313043,+971544217688
UAE,Dubai,Vibes Aesthetic Clinic,Clinic,vibes-clinic.com,,+971503022422,+971503022422
UAE,Dubai,FAJ Services,AC/maintenance,fajservices.ae,,+971507464712,+971507464712
UAE,Dubai,Globalex,AC/maintenance,globalexuae.com,,+971565467452,+971565467452
UAE,Dubai,Masterminds HVAC,AC/maintenance,mastermindshvac.com,,+971554130400,+971554130400
UAE,Dubai,AC Services Dubai,AC/maintenance,acservicesdubai.org,,+971522112800,+971522112800
UAE,Dubai,CAC Dubai,AC/maintenance,cacdubai.com,,+971563000442,+971563000442
UAE,Dubai,Pioneer Gulf,AC/maintenance,pioneer-gulf.com,,+971556260687,+971556260687
UAE,Dubai,Octane.Rent,Car rental,octane.rent,info@octane.rent,+97142536700,+971527269337
UAE,Dubai,NCK Car Rental,Car rental,nckcarrental.com,hello@nckcarrental.com,+971582288274,+971525660040
UAE,Dubai,BE VIP Rent A Car,Car rental,bevip.ae,,+971568222244,+971568222244
UAE,Dubai,A1 Luxury Car,Car rental,a1luxurycar.com,,+971502707650,+971502707650
UAE,Dubai,IMEX Real Estate,Real estate,imexre.com,,+971505006869,+971505006869
UAE,Dubai,Exclusive Links,Real estate,exclusive-links.com,,+97143994937,wa.me/message/TXWGHPQZC6SMJ1
UAE,Dubai,Marina Kitchen Restaurant,Restaurant,marinakitchenrestaurant.com,,+971554097226,+971554097226
UAE,Dubai,Kitchen Works,Restaurant/cloud kitchen,kitchenworks.ae,,+971543053550,+971543053550
UAE,Dubai,InHair Salon,Salon,inhairsalon.com,,,
UAE,Dubai,Lish Beauty Bar,Salon,lishbeautybar.com,,,
UAE,Dubai,Cutting Edge Salon,Salon,cuttingedgeladies.com,,,
UAE,Dubai,Polar Bear Dental Clinic,Clinic,pbdc.ae,,+97148347223,
UAE,Dubai,VIP Clinic Dubai,Clinic,vipclinicdubai.com,,,
UAE,Dubai,Solis Dental Clinic,Clinic,solisdentalclinic.com,,,
UAE,Dubai,Magnum Dental Clinic,Clinic,magnumclinic.ae,,,
UAE,Dubai,Dr Joy Dental Clinic,Clinic,drjoydentalclinic.com,,,
UAE,Dubai,New York Dental Clinic,Clinic,nydcdubai.com,,,
UAE,Dubai,Health Call Medical & Aesthetic Dental,Clinic,healthcalldubai.ae,,,
UAE,Dubai,Levante Real Estate,Real estate,levantere.com,info@levantere.com,+97145851737,
UAE,Dubai,Dacha Real Estate,Real estate,dacha-re.com,,,
UAE,Dubai,The Fit Food Kitchen,Restaurant,thefitfoodkitchen.co,,+97145531031,
UAE,Dubai,Kactus Cloud Kitchen,Restaurant/cloud kitchen,instagram.com/kactusmiddleeast,,,
Qatar,Doha,Noon Beauty Salon,Salon,noonbeauty.com,,+97444922330,+97455523876
Qatar,Doha,Adore Beauty Lounge & Spa,Salon,adoreqatar.com,info@adoreqatar.com,+97450503888,+97450503888
Qatar,Doha,All About You Ladies Salon & Spa,Salon,allaboutyou.qa,,+97477393279,+97477393279
Qatar,Doha,Princess Beauty Salon,Salon,,,+97444111233,+97466553286
Qatar,Doha,GDDC German Dental & Dermatology,Clinic,gddc.qa,,+97444411711,+97430290013
Qatar,Doha,Doha Specialized Dental Center,Clinic,dohadentalcenter.com,,+97466768288,+97466768288
Qatar,Doha,Cedars Dental Center,Clinic,cedars-dental.com,,+97444864088,+97466514938
Qatar,Doha,Doha Beauty Center,Salon,dohabeautycenter.com,dohabeauty06@gmail.com,,
Kuwait,Kuwait City,DASHE Beauty,Salon,dashebeauty.com,,+96566307999,+96566307999
Kuwait,Kuwait City,Emmanuelle Ladies Beauty Salon & Spa,Salon,emmanuellebeautysalon-spa.com,,+96565956770,+96565956770
Kuwait,Salmiya,Look Noor Ladies Beauty Salon,Salon,looknoorladiesbeautysalon.com,info@looknoorladiesbeautysalon.com,+96560748354,
Kuwait,Kuwait City,SN Clinics,Clinic,snclinics.com,info@snclinics.com,1808111,Y
Kuwait,Kuwait City,Alaa Beauty Salon,Salon,,,+96525648880,
KSA,Riyadh,Bare Beauty Clinic,Clinic,barebeauty.sa,,+966556991113,+966556991113
KSA,Riyadh,Aesthetic Clinic Riyadh,Clinic,aestheticclinicriyadh.com,info@aestheticclinicriyadh.com,+966114879073,Y
KSA,Riyadh & Jeddah,Al Manahil Spa & Salon,Salon,almanahil.com.sa,info@almanahil.com.sa,+966115659666,
KSA,Riyadh,Four SPA,Salon,four.com.sa,info@four.com.sa,+966112014444,
KSA,Jeddah,Chamelle Club & Spa,Salon,chamelleclubandspa.com,,+96612663 4355,
KSA,Riyadh,Talic Dental Clinics,Clinic,talicdentalclinics.com,contact@talicdentalclinics.com,+966114410011,
KSA,Riyadh & Jeddah,Royal Clinic Saudia,Clinic,royalclinicsaudia.com,info@royalclinicsaudia.com,,
KSA,Riyadh,Smile Dental Clinic,Clinic,smileclinic.sa,info@smileclinic.sa,8001242255,
KSA,Riyadh,Miral Dental,Clinic,miraldental.com,,,
UK,London,Nomad Barber,Barber,nomadbarber.com,london@nomadbarber.com,,
UK,London,Foster London,Salon,fosterlondon.com,form: fosterlondon.com/contact-us,,
UK,London,ESHK Hair,Salon,eshk-hair.com,form,,
UK,London,Murdock London,Barber,murdocklondon.com,,,
France,Paris,PUR Paris,Salon/Institut,pur-paris.com,contact@pur-paris.com,+33769815900,+33769815900
France,Paris,Elodie Coiffure,Salon,elodiecoiffures.fr,form: elodiecoiffures.fr/contact,,
France,Paris,Beautes du Monde,Salon/Spa,beautesdumonde.fr,form,,
Spain,Madrid,Equilibrio Salon,Salon,equilibrio-madrid.com,equilibrio@equilibrio-madrid.es,+34914155148,+34640643169
Spain,Madrid,Blow Dry Bar,Salon,blowdrybar.es,citas@blowdrybar.es,+34912514000,
Spain,Madrid,Ananda Ferdi,Salon,anandaferdi.com,form: anandaferdi.com/contacto,,
Italy,Milan,Atelier Brera13,Salon,brera13milano.com,Brera13Milano@gmail.com,,
Italy,Milan,Franco & Mimma Coiffeurs,Salon,francoemimma.com,form,,
Italy,Milan,Reverse Milano,Salon,reversemilano.it,form,,
