City,Business,Niche,Website,Email,Phone
Denver CO,Lakeside Heating & Air,HVAC,lakesideheating.com,,+13034213572
Denver CO,Pasterkamp Heating & Air,HVAC,pasterkamp.com,,+13037771234
Denver CO,DenTech Heating & Air,HVAC,dentechvac.com,,+17208749559
Denver CO,Cool Sunshine Heating & Air,HVAC,cool-sunshine.com,,+13032871846
Denver CO,Mountain Breeze Heating & Air,HVAC,mountainbreezeheatingandair.com,,
Phoenix AZ,Independent Plumbing Solutions,Plumber,phoenix.plumbing,,+16023192220
Phoenix AZ,DeGeorge Plumbing & HVAC,Plumber/HVAC,degeorgeplumbing.com,,+16028303977
Phoenix AZ,Phoenix Plumbing Co.,Plumber,phoenixplumbing.co,,+16028341208
Phoenix AZ,ACE Cooling Heating Plumbing & Electrical,Trades (all),acehomeaz.com,info@acehomeaz.com,+16025364475
Phoenix AZ,Apache Plumbing Services,Plumber,apacheplumbingservices.com,,+16022462944
Austin TX,Birds Barbershop,Barber/Salon,birdsbarbershop.com,,+15124570400
Austin TX,Barbers X Alkemy,Barber/Salon,barbersxalkemy.glossgenius.com,,+15128448701
Austin TX,Scissors & Scotch,Barber/Salon,scissorsscotch.com,,+15127584520
Austin TX,18|8 Fine Men's Salon,Barber/Salon,188mensalontx.com,,+15124891881
Dallas TX,ST Nail & Spa,Nail salon,saintnailsandspa.com,,+19725033689
Dallas TX,Mimosa Nail Bar,Nail salon,mimosanailbaruptown.com,,+16826668899
Dallas TX,Uptown Nail Spa,Nail salon,uptownnailspadallas.com,,+12149536245
